id;title;time;text;contributors
1;Buckinghamshire;2021-06-08T23:41:37;online;unleash
2;lavender 巷 backing;2021-06-08T07:58:53;firewall;maroon system
3;teal Pre-emptive PCI;2021-06-08T05:28:23;Tunisia Principal;Money
4;Plastic;2021-06-08T04:08:55;RSS Sports Factors;indexing
5;Mouse;2021-06-09T00:01:00;enhance;Philippine user-centric online
6;generating XSS copying;2021-06-08T05:17:40;Borders Planner;Pre-emptive
7;Frozen;2021-06-08T08:14:34;Rico matrix transmit;compress Berkshire
8;yellow Berkshire web-enabled;2021-06-08T06:16:58;Concrete;solid
9;back generate;2021-06-08T10:09:22;Right-sized bandwidth Tools;Kenyan
10;parsing circuit;2021-06-08T22:30:22;time-frame 旁 路;Comoro
